shipment_id,origin,destination,vehicle_type,hub,distance_km,load_weight_kg,traffic_index,weather_risk,hub_dwell_hours,driver_score,sla_hours,avg_speed_kmh,estimated_travel_hours,predicted_total_hours,delay_hours,is_delayed,carbon_kgco2,sla_risk_score,risk_level
SHP-20260001,Jakarta,Bogor,small_truck,Hub Surabaya,209.0,1202.5,0.82,0.27,8.1,0.74,24,24.718175999999996,8.455316444061246,17.37,0.0,0,89.7,0.596,Medium
SHP-20260002,Yogyakarta,Cirebon,motorcycle,Hub Bandung,257.0,233.7,0.85,0.27,0.3,0.87,24,16.56501,15.51462993381833,16.62,0.0,0,17.95,0.358,Medium
SHP-20260003,Surabaya,Jakarta,small_truck,Hub Surabaya,195.2,496.0,0.36,0.25,6.53,0.66,48,35.30083200000001,5.529614712763709,12.81,0.0,0,72.4,0.393,Medium
SHP-20260004,Bandung,Cirebon,small_truck,Hub Semarang,378.5,250.4,0.37,0.14,8.25,0.77,72,36.162693000000004,10.466587762144815,19.14,0.0,0,132.72,0.413,Medium
SHP-20260005,Bandung,Semarang,medium_truck,Hub Semarang,535.5,511.1,0.89,0.94,7.72,0.98,24,26.280539999999995,20.376293637801968,30.92,6.92,1,279.01,0.768,High
SHP-20260006,Cirebon,Bekasi,van,Hub Surabaya,184.2,1214.9,0.12,0.4,8.26,0.74,48,38.047424,4.841326445648462,14.3,0.0,0,50.43,0.409,Medium
SHP-20260007,Jakarta,Bogor,van,Hub Bandung,263.3,1638.7,0.57,0.22,4.77,0.95,6,29.608745,8.892643035022255,14.32,8.32,1,77.95,0.532,Medium
SHP-20260008,Surabaya,Semarang,small_truck,Hub Semarang,726.3,365.3,0.52,0.85,0.85,0.89,24,33.496596,21.68280024632951,25.08,1.08,1,261.57,0.441,Medium
SHP-20260009,Tangerang,Bogor,van,Hub Bekasi,45.5,976.2,0.72,0.4,7.25,0.48,24,22.814287999999998,1.994364233501392,10.44,0.0,0,11.89,0.569,Medium
SHP-20260010,Jakarta,Bekasi,motorcycle,Hub Surabaya,363.7,1262.8,0.25,0.04,5.29,0.69,6,25.52655,14.24791050886234,19.66,13.66,1,31.58,0.457,Medium
SHP-20260011,Semarang,Surabaya,van,Hub Semarang,557.3,1715.3,0.7,0.16,5.3,0.83,48,25.68363,21.69864618046592,27.48,0.0,0,167.22,0.437,Medium
SHP-20260012,Karawang,Surabaya,van,Hub Semarang,124.2,1098.5,0.44,0.64,3.66,0.99,48,33.038188000000005,3.759286072226479,9.34,0.0,0,33.24,0.366,Medium
SHP-20260013,Yogyakarta,Bekasi,van,Hub Bandung,44.6,459.9,0.66,0.78,4.95,0.7,48,25.658360000000002,1.7382248904450635,9.03,0.0,0,10.44,0.515,Medium
SHP-20260014,Yogyakarta,Tangerang,van,Hub Surabaya,114.7,1126.2,0.14,0.21,1.47,0.5,24,35.074,3.270228659405828,5.37,0.0,0,30.87,0.193,Low
SHP-20260015,Yogyakarta,Tangerang,van,Hub Jakarta,717.3,577.6,0.52,0.92,6.34,0.76,48,29.248295999999993,24.524505632738403,33.62,0.0,0,172.38,0.595,Medium
SHP-20260016,Yogyakarta,Surabaya,van,Hub Jakarta,15.1,1757.1,0.57,0.85,0.82,0.52,24,26.243522,0.5753800880842137,3.95,0.0,0,4.56,0.401,Medium
SHP-20260017,Semarang,Yogyakarta,van,Hub Bandung,153.4,720.0,0.29,0.85,6.26,0.86,6,35.388412,4.334752291230248,13.14,7.14,1,38.01,0.641,Medium
SHP-20260018,Bekasi,Yogyakarta,small_truck,Hub Semarang,32.2,1234.1,0.23,0.23,7.25,0.73,12,39.218402999999995,0.8210431210062278,8.76,0.0,0,13.9,0.417,Medium
SHP-20260019,Cirebon,Karawang,van,Hub Surabaya,93.4,42.8,0.27,0.05,4.12,0.85,48,35.754484999999995,2.612259692735052,6.88,0.0,0,19.82,0.228,Low
SHP-20260020,Bandung,Yogyakarta,medium_truck,Hub Bandung,486.8,720.7,0.41,0.87,4.43,0.93,72,39.3484725,12.371509465837589,19.41,0.0,0,265.42,0.441,Medium
SHP-20260021,Semarang,Bogor,medium_truck,Hub Semarang,194.5,1575.3,0.19,0.31,2.79,0.8,6,43.924274999999994,4.428075363793711,8.15,2.15,1,125.25,0.347,Low
SHP-20260022,Bogor,Bekasi,van,Hub Bandung,447.4,1098.8,0.95,0.62,8.25,0.79,24,19.723615000000002,22.683468522377865,32.79,8.79,1,119.76,0.762,High
SHP-20260023,Bekasi,Surabaya,van,Hub Surabaya,463.6,799.7,0.46,0.76,6.28,0.87,48,31.536845999999993,14.70026520724362,23.26,0.0,0,116.82,0.513,Medium
SHP-20260024,Karawang,Karawang,small_truck,Hub Semarang,663.8,1684.8,0.83,0.13,3.26,0.91,48,25.634721,25.894566982024106,29.54,0.0,0,311.32,0.4,Medium
SHP-20260025,Yogyakarta,Karawang,small_truck,Hub Bandung,11.7,1537.3,0.98,0.78,1.65,0.93,24,21.859697999999998,0.5352315480296206,4.53,0.0,0,5.34,0.475,Medium
SHP-20260026,Surabaya,Tangerang,small_truck,Hub Surabaya,666.8,580.7,0.17,0.94,2.02,0.47,48,37.730343,17.672778643968332,22.51,0.0,0,251.99,0.39,Medium
SHP-20260027,Bandung,Tangerang,small_truck,Hub Jakarta,486.0,980.6,0.69,0.73,4.05,0.76,48,28.093758,17.29921643092391,23.54,0.0,0,199.7,0.511,Medium
SHP-20260028,Cirebon,Jakarta,small_truck,Hub Surabaya,133.6,882.2,0.88,0.44,8.02,0.57,72,22.127112,6.037841721052435,15.38,0.0,0,53.81,0.608,Medium
SHP-20260029,Semarang,Bekasi,small_truck,Hub Jakarta,604.7,1138.3,0.67,0.88,6.29,0.92,12,29.864897999999993,20.24785083813111,29.18,17.18,1,256.34,0.736,High
SHP-20260030,Bandung,Semarang,van,Hub Bekasi,668.4,602.1,0.49,0.53,1.99,0.81,72,30.340586999999996,22.029896784791937,25.61,0.0,0,161.49,0.342,Low
SHP-20260031,Bandung,Semarang,small_truck,Hub Surabaya,204.3,440.3,0.49,0.74,7.33,0.68,6,32.337773999999996,6.317689028317163,15.87,9.87,1,74.84,0.718,High
SHP-20260032,Tangerang,Bogor,van,Hub Semarang,717.3,1642.9,0.13,0.82,3.34,0.55,48,35.812245,20.02946198988642,25.83,0.0,0,212.5,0.394,Medium
SHP-20260033,Jakarta,Bogor,small_truck,Hub Surabaya,358.8,1663.1,0.58,0.75,7.27,0.64,6,29.803284000000005,12.038941748835462,21.56,15.56,1,167.63,0.745,High
SHP-20260034,Semarang,Cirebon,medium_truck,Hub Semarang,473.8,1518.1,0.99,0.29,2.21,0.84,12,22.588245,20.9755118204181,24.06,12.06,1,301.97,0.586,Medium
SHP-20260035,Cirebon,Bandung,motorcycle,Hub Semarang,768.1,1760.8,0.96,0.12,5.33,0.56,6,13.453888,57.09130327233288,62.78,56.78,1,73.01,0.665,High
SHP-20260036,Jakarta,Cirebon,small_truck,Hub Bekasi,287.1,1341.2,0.14,0.24,7.89,0.5,24,38.766000000000005,7.405974307382758,16.02,0.0,0,126.51,0.432,Medium
SHP-20260037,Cirebon,Karawang,motorcycle,Hub Jakarta,635.8,1376.6,0.74,0.5,2.34,0.94,24,18.795727999999997,33.826835544757834,37.67,13.67,1,56.4,0.517,Medium
SHP-20260038,Cirebon,Bogor,small_truck,Hub Jakarta,253.8,1372.9,0.37,0.51,5.95,0.87,12,37.166283,6.828770044074625,14.31,2.31,1,112.5,0.502,Medium
SHP-20260039,Tangerang,Tangerang,motorcycle,Hub Bekasi,625.0,865.6,0.91,0.58,8.39,0.56,24,14.237748,43.89739163805962,54.03,30.03,1,50.18,0.834,High
SHP-20260040,Surabaya,Karawang,medium_truck,Hub Jakarta,471.8,822.2,0.14,0.4,1.45,0.61,24,42.905655,10.996219496008159,13.65,0.0,0,262.78,0.254,Low
SHP-20260041,Bekasi,Surabaya,motorcycle,Hub Bandung,175.0,433.2,0.94,0.79,0.93,0.98,48,15.471455999999998,11.311152615500443,14.61,0.0,0,12.8,0.453,Medium
SHP-20260042,Yogyakarta,Tangerang,medium_truck,Hub Semarang,327.6,1161.0,0.85,0.91,5.8,0.84,72,26.406674999999996,12.40595417635882,20.94,0.0,0,195.28,0.61,Medium
SHP-20260043,Yogyakarta,Surabaya,small_truck,Hub Surabaya,253.2,521.5,0.21,0.25,3.02,0.79,48,40.380963,6.270281369961385,10.04,0.0,0,94.45,0.233,Low
SHP-20260044,Bogor,Semarang,small_truck,Hub Bandung,68.3,464.8,0.15,0.74,0.79,0.62,12,39.922259999999994,1.7108249883648874,4.72,0.0,0,25.16,0.286,Low
SHP-20260045,Jakarta,Karawang,small_truck,Hub Surabaya,31.0,1055.1,0.85,0.68,4.15,0.61,24,23.103044999999998,1.3418144664480376,7.53,0.0,0,12.93,0.541,Medium
SHP-20260046,Karawang,Tangerang,small_truck,Hub Surabaya,275.5,738.6,0.24,0.52,6.46,0.47,72,36.127896,7.625686256404193,15.65,0.0,0,107.7,0.429,Medium
SHP-20260047,Bandung,Karawang,medium_truck,Hub Surabaya,22.7,394.7,0.58,0.19,2.57,0.85,12,33.862725000000005,0.670353611530082,3.81,0.0,0,11.52,0.305,Low
SHP-20260048,Cirebon,Karawang,van,Hub Bandung,135.8,1469.1,0.92,0.8,2.98,0.47,24,18.603051999999995,7.29987746096716,12.68,0.0,0,38.99,0.583,Medium
SHP-20260049,Surabaya,Bekasi,small_truck,Hub Bekasi,567.8,1549.2,0.61,0.96,7.22,0.45,72,27.490364999999997,20.654509316264082,30.75,0.0,0,259.94,0.655,High
SHP-20260050,Yogyakarta,Bekasi,motorcycle,Hub Surabaya,554.6,302.7,0.46,0.72,4.52,0.85,72,23.112179999999995,23.99600556935781,30.68,0.0,0,39.37,0.45,Medium
SHP-20260051,Yogyakarta,Semarang,small_truck,Hub Bekasi,578.2,14.5,0.5,0.92,7.19,0.97,24,34.74345,16.641985755588465,26.59,2.59,1,191.5,0.634,Medium
SHP-20260052,Bekasi,Jakarta,van,Hub Bandung,252.8,605.7,0.16,0.98,3.91,0.87,48,38.502815999999996,6.565753528261414,13.42,0.0,0,61.13,0.392,Medium
SHP-20260053,Bogor,Tangerang,small_truck,Hub Jakarta,695.1,1435.7,0.97,0.35,8.11,0.71,24,20.827358999999998,33.374370701537345,42.53,18.53,1,311.71,0.757,High
SHP-20260054,Bandung,Bandung,small_truck,Hub Semarang,466.4,1510.7,0.38,0.64,5.6,0.72,48,35.414652,13.169690330431598,20.69,0.0,0,212.04,0.459,Medium
SHP-20260055,Bandung,Karawang,van,Hub Semarang,105.3,249.9,0.27,0.47,1.16,0.69,6,34.201349,3.0788259258428665,5.65,0.0,0,23.49,0.321,Low
SHP-20260056,Jakarta,Karawang,small_truck,Hub Jakarta,119.0,1394.0,0.36,0.99,7.55,0.63,12,34.997676000000006,3.400225774991459,13.92,1.92,1,52.96,0.663,High
SHP-20260057,Semarang,Bekasi,small_truck,Hub Bekasi,543.1,209.2,0.97,0.09,4.26,0.74,48,21.003696,25.85735386762406,30.39,0.0,0,188.6,0.475,Medium
SHP-20260058,Bekasi,Cirebon,small_truck,Hub Bandung,141.5,702.7,0.18,0.41,1.38,0.69,12,39.998993999999996,3.537588970362605,6.15,0.0,0,54.9,0.25,Low
SHP-20260059,Yogyakarta,Jakarta,van,Hub Bandung,399.6,1797.5,0.88,0.88,1.47,0.78,48,21.255072000000002,18.80021860194122,22.91,0.0,0,121.63,0.509,Medium
SHP-20260060,Surabaya,Yogyakarta,small_truck,Hub Surabaya,773.6,347.5,0.74,0.28,5.91,0.94,24,28.193591999999995,27.43885915636433,34.19,10.19,1,277.47,0.563,Medium
SHP-20260061,Karawang,Cirebon,medium_truck,Hub Bekasi,11.1,278.0,0.85,0.79,0.59,1.0,72,27.556874999999998,0.4028032931890862,3.36,0.0,0,5.48,0.393,Medium
SHP-20260062,Yogyakarta,Cirebon,motorcycle,Hub Surabaya,20.8,761.6,0.98,0.38,2.58,0.49,48,12.869276,1.6162525382158253,5.34,0.0,0,1.63,0.459,Medium
SHP-20260063,Bogor,Tangerang,motorcycle,Hub Bandung,774.7,1115.8,0.86,0.98,1.36,0.66,24,15.464287999999996,50.096066498502886,54.4,30.4,1,65.39,0.685,High
SHP-20260064,Karawang,Cirebon,motorcycle,Hub Surabaya,459.3,1679.3,0.95,0.88,3.86,0.55,48,13.570549999999999,33.8453489357469,40.35,0.0,0,43.04,0.656,High
SHP-20260065,Bandung,Bekasi,small_truck,Hub Bekasi,106.0,1765.5,0.21,0.3,3.64,0.64,24,38.709258000000005,2.7383630034964757,7.28,0.0,0,50.42,0.286,Low
SHP-20260066,Bogor,Semarang,van,Hub Jakarta,700.7,126.3,0.82,0.77,4.53,0.61,24,21.550445999999997,32.514408286492085,39.35,15.35,1,151.79,0.695,High
SHP-20260067,Karawang,Bandung,small_truck,Hub Jakarta,687.7,249.3,0.59,0.34,2.52,0.55,12,28.796564999999998,23.88132056722738,27.42,15.42,1,241.09,0.535,Medium
SHP-20260068,Bogor,Bogor,small_truck,Hub Bekasi,421.9,1423.5,0.59,0.61,0.47,0.87,72,31.520180999999997,13.3850754219971,15.69,0.0,0,188.77,0.318,Low
SHP-20260069,Jakarta,Jakarta,van,Hub Surabaya,488.0,487.9,0.91,0.66,5.3,0.72,48,20.233746,24.118124246493952,31.4,0.0,0,114.98,0.609,Medium
SHP-20260070,Bandung,Yogyakarta,medium_truck,Hub Jakarta,218.9,1592.8,0.97,0.83,3.3,0.96,72,23.889464999999998,9.163034835648267,14.95,0.0,0,141.4,0.53,Medium
SHP-20260071,Yogyakarta,Bogor,small_truck,Hub Bekasi,47.0,1194.6,0.73,0.02,5.61,0.47,72,24.910767,1.8867343586811278,7.56,0.0,0,20.14,0.415,Medium
SHP-20260072,Bekasi,Surabaya,van,Hub Jakarta,467.0,202.2,0.53,0.22,1.1,0.49,72,26.842230999999995,17.397957718194142,19.16,0.0,0,103.03,0.286,Low
SHP-20260073,Bandung,Bandung,van,Hub Surabaya,235.6,1498.7,0.51,0.71,0.31,0.67,12,28.735391,8.198948815417197,10.64,0.0,0,68.01,0.4,Medium
SHP-20260074,Bekasi,Bogor,van,Hub Semarang,520.3,318.3,0.45,0.56,2.26,0.49,72,28.509214999999998,18.250239440124886,22.19,0.0,0,117.96,0.373,Medium
SHP-20260075,Surabaya,Cirebon,van,Hub Semarang,653.6,762.9,0.43,0.5,3.99,0.59,24,29.796350999999994,21.935571909459657,27.43,3.43,1,163.43,0.48,Medium
SHP-20260076,Bandung,Jakarta,motorcycle,Hub Semarang,22.0,994.4,0.45,0.06,3.47,0.99,24,24.16729,0.9103213475735177,4.56,0.0,0,1.81,0.247,Low
SHP-20260077,Bogor,Yogyakarta,medium_truck,Hub Semarang,467.9,901.9,0.18,0.35,6.93,0.56,24,41.27481,11.336212086742494,19.32,0.0,0,264.91,0.443,Medium
SHP-20260078,Tangerang,Yogyakarta,van,Hub Semarang,186.5,1235.4,0.17,0.87,3.34,0.56,24,35.067046,5.31838353307547,11.27,0.0,0,51.26,0.406,Medium
SHP-20260079,Semarang,Bogor,van,Hub Jakarta,682.6,1175.2,0.8,0.03,4.6,0.77,24,23.003679999999996,29.67351310746803,34.36,10.36,1,185.46,0.507,Medium
SHP-20260080,Surabaya,Tangerang,small_truck,Hub Surabaya,203.8,1785.7,0.5,0.4,5.13,0.72,12,32.4597,6.278554638520998,12.61,0.61,1,97.28,0.489,Medium
SHP-20260081,Karawang,Jakarta,small_truck,Hub Semarang,479.5,1799.0,0.94,0.95,0.38,0.77,12,21.929166,21.865856640421256,25.1,13.1,1,229.4,0.659,High
SHP-20260082,Bandung,Karawang,medium_truck,Hub Semarang,435.3,930.1,0.65,0.05,4.48,0.66,24,30.3003,14.36619439411491,19.0,0.0,0,247.87,0.417,Medium
SHP-20260083,Bekasi,Karawang,small_truck,Hub Bekasi,313.8,172.3,0.13,0.75,3.06,0.9,72,43.676640000000006,7.184618597034936,12.49,0.0,0,108.01,0.3,Low
SHP-20260084,Cirebon,Tangerang,van,Hub Surabaya,531.1,1310.4,0.24,0.26,3.7,0.53,48,33.280856,15.958123192504424,20.44,0.0,0,148.07,0.31,Low
SHP-20260085,Surabaya,Jakarta,van,Hub Bekasi,568.3,1758.0,0.29,0.87,1.03,0.69,24,33.759523,16.8337686524777,20.47,0.0,0,171.79,0.393,Medium
SHP-20260086,Yogyakarta,Bekasi,medium_truck,Hub Jakarta,445.7,573.7,0.98,0.75,6.7,0.83,24,22.798754999999996,19.549313109421988,28.5,4.5,1,235.45,0.728,High
SHP-20260087,Jakarta,Jakarta,small_truck,Hub Surabaya,593.5,830.7,0.3,0.89,8.02,0.93,24,39.594030000000004,14.989633538187448,25.68,1.68,1,236.53,0.603,Medium
SHP-20260088,Bogor,Cirebon,medium_truck,Hub Bekasi,767.2,765.2,0.56,0.22,0.38,0.65,12,32.54129999999999,23.576193944310774,24.62,12.62,1,422.25,0.43,Medium
SHP-20260089,Yogyakarta,Cirebon,motorcycle,Hub Jakarta,331.7,93.5,0.94,0.53,5.19,0.76,48,14.578871999999997,22.752103180547856,29.53,0.0,0,22.4,0.579,Medium
SHP-20260090,Cirebon,Bekasi,medium_truck,Hub Semarang,405.3,1210.4,0.98,0.78,6.54,0.49,12,20.682764999999996,19.596025966547515,28.48,16.48,1,243.91,0.844,High
SHP-20260091,Bandung,Yogyakarta,small_truck,Hub Bekasi,17.6,636.7,0.31,0.25,2.56,0.54,48,35.257068,0.4991906870985416,3.81,0.0,0,6.73,0.257,Low
SHP-20260092,Cirebon,Bekasi,motorcycle,Hub Surabaya,622.5,1417.6,0.14,0.23,6.74,0.49,48,25.766468,24.15930658404559,31.59,0.0,0,55.65,0.396,Medium
SHP-20260093,Cirebon,Bogor,small_truck,Hub Bandung,409.6,1498.0,0.24,0.03,5.45,0.85,24,40.28388,10.167838847697888,15.71,0.0,0,185.79,0.307,Low
SHP-20260094,Bogor,Semarang,small_truck,Hub Jakarta,322.9,1478.4,0.16,0.96,7.91,0.61,72,39.568032,8.160628256669423,18.95,0.0,0,145.94,0.53,Medium
SHP-20260095,Cirebon,Yogyakarta,motorcycle,Hub Surabaya,80.6,750.6,0.28,0.71,8.34,0.85,24,26.17524,3.0792458827502633,13.55,0.0,0,6.32,0.529,Medium
SHP-20260096,Tangerang,Cirebon,van,Hub Bandung,694.8,579.5,0.61,0.64,0.55,0.49,72,25.175247,27.59853756350434,30.07,0.0,0,167.05,0.389,Medium
SHP-20260097,Tangerang,Jakarta,small_truck,Hub Bekasi,312.9,1348.1,0.92,0.74,3.89,0.92,48,23.36224799999999,13.393402895132356,19.5,0.0,0,138.06,0.541,Medium
SHP-20260098,Surabaya,Bekasi,van,Hub Semarang,535.0,1442.7,0.58,0.53,4.74,0.91,48,29.060994,18.409556121858735,24.74,0.0,0,152.87,0.451,Medium
SHP-20260099,Surabaya,Tangerang,van,Hub Bandung,123.3,884.8,0.66,0.48,1.42,0.5,48,24.206,5.093778402049079,7.95,0.0,0,31.62,0.369,Medium
SHP-20260100,Bekasi,Bogor,van,Hub Jakarta,750.3,1607.6,0.28,0.45,2.99,0.46,48,31.762223999999996,23.62240125250675,27.96,0.0,0,220.89,0.36,Medium
SHP-20260101,Cirebon,Karawang,van,Hub Semarang,145.8,259.9,0.82,0.64,8.4,0.48,72,20.736828,7.030969249491775,17.35,0.0,0,32.61,0.656,High
SHP-20260102,Bekasi,Yogyakarta,medium_truck,Hub Bandung,162.0,1582.4,0.66,0.2,0.33,0.92,24,32.27679,5.019086470494742,5.95,0.0,0,104.45,0.247,Low
SHP-20260103,Cirebon,Bogor,small_truck,Hub Semarang,671.1,173.9,0.88,0.89,3.96,0.58,48,22.192128,30.24045283084164,36.87,0.0,0,231.09,0.633,Medium
SHP-20260104,Jakarta,Karawang,motorcycle,Hub Surabaya,712.5,277.2,0.95,0.81,7.19,0.75,48,14.37275,49.57297663982189,59.19,11.19,1,50.28,0.759,High
SHP-20260105,Yogyakarta,Bandung,medium_truck,Hub Semarang,171.8,961.4,0.41,0.35,2.89,0.68,24,36.734535,4.676798004929149,8.62,0.0,0,98.45,0.325,Low
SHP-20260106,Yogyakarta,Semarang,medium_truck,Hub Semarang,370.7,122.5,0.18,0.58,4.18,0.89,72,45.288765000000005,8.185253009217627,14.11,0.0,0,176.51,0.315,Low
SHP-20260107,Yogyakarta,Bandung,van,Hub Bekasi,574.3,96.0,0.3,0.14,8.32,0.72,24,33.82418,16.97897776087994,25.72,1.72,1,123.5,0.483,Medium
SHP-20260108,Surabaya,Bekasi,small_truck,Hub Bekasi,686.1,1.9,0.49,0.97,4.14,0.73,24,32.797988999999994,20.91896548901215,27.97,3.97,1,226.52,0.582,Medium
SHP-20260109,Bandung,Karawang,motorcycle,Hub Bandung,300.6,785.9,0.95,0.9,1.29,0.99,12,15.335390000000002,19.601718639043415,23.59,11.59,1,23.74,0.653,High
SHP-20260110,Yogyakarta,Jakarta,medium_truck,Hub Surabaya,407.1,1394.5,0.44,0.92,0.63,0.53,12,34.41699,11.82846030405332,15.22,3.22,1,253.65,0.486,Medium
SHP-20260111,Tangerang,Bekasi,small_truck,Hub Bandung,580.6,63.7,0.79,0.33,8.05,0.91,48,26.672372999999993,21.76784195391989,30.81,0.0,0,194.65,0.573,Medium
SHP-20260112,Yogyakarta,Tangerang,small_truck,Hub Bekasi,572.4,1174.4,0.59,0.17,2.41,0.48,24,28.200774,20.29731524390075,23.22,0.0,0,244.35,0.401,Medium
SHP-20260113,Semarang,Tangerang,motorcycle,Hub Semarang,612.4,1481.8,0.26,0.21,4.38,0.71,24,25.507747999999996,24.008391489519187,29.02,5.02,1,55.39,0.386,Medium
SHP-20260114,Bandung,Bekasi,medium_truck,Hub Surabaya,448.0,303.2,0.39,0.09,0.95,0.94,12,40.013369999999995,11.196257650880195,12.42,0.42,1,222.66,0.253,Low
SHP-20260115,Semarang,Jakarta,motorcycle,Hub Surabaya,88.8,265.2,0.69,0.12,3.72,0.82,24,19.041904,4.663399206297858,8.74,0.0,0,6.25,0.36,Medium
SHP-20260116,Semarang,Surabaya,van,Hub Bekasi,705.9,1549.6,0.71,0.07,7.92,0.83,48,25.453939,27.732446439822144,35.86,0.0,0,205.67,0.516,Medium
SHP-20260117,Jakarta,Karawang,motorcycle,Hub Semarang,676.2,1481.8,0.49,0.99,4.37,0.59,72,21.006257999999995,32.19040725863694,39.53,0.0,0,61.16,0.545,Medium
SHP-20260118,Bekasi,Bekasi,small_truck,Hub Bandung,624.1,970.6,0.31,0.07,8.26,0.68,6,36.720306,16.996045730120006,25.47,19.47,1,255.93,0.566,Medium
SHP-20260119,Tangerang,Tangerang,van,Hub Bandung,85.1,1474.7,0.75,0.13,2.35,0.65,24,23.329624999999993,3.6477225844821777,6.39,0.0,0,24.46,0.344,Low
SHP-20260120,Bekasi,Semarang,medium_truck,Hub Bekasi,165.8,167.9,0.25,0.83,4.39,0.74,24,41.607,3.984906385944673,10.86,0.0,0,79.81,0.429,Medium
SHP-20260121,Bandung,Karawang,small_truck,Hub Jakarta,582.1,710.7,0.94,0.58,7.33,0.7,48,21.503159999999998,27.07043987953399,36.14,0.0,0,226.22,0.672,High
SHP-20260122,Surabaya,Surabaya,motorcycle,Hub Bekasi,25.9,1328.3,0.27,0.77,3.92,0.63,24,24.771837999999995,1.0455421192404053,7.28,0.0,0,2.28,0.404,Medium
SHP-20260123,Surabaya,Yogyakarta,motorcycle,Hub Bandung,764.0,464.2,0.2,0.63,2.52,0.62,24,25.817120000000003,29.592766350390747,34.0,10.0,1,56.28,0.43,Medium
SHP-20260124,Bandung,Semarang,motorcycle,Hub Surabaya,299.2,1354.4,0.55,0.88,7.3,0.59,24,20.05731,14.917254606923859,24.86,0.86,1,26.43,0.673,High
SHP-20260125,Cirebon,Bandung,small_truck,Hub Surabaya,563.3,908.0,0.57,0.64,3.44,0.65,24,30.130484999999997,18.69535123646367,24.06,0.06,1,228.09,0.507,Medium
SHP-20260126,Semarang,Bekasi,small_truck,Hub Jakarta,693.2,1350.7,0.56,0.52,4.61,0.53,24,29.325575999999995,23.63806937671063,29.81,5.81,1,306.0,0.551,Medium
SHP-20260127,Jakarta,Cirebon,van,Hub Semarang,312.7,837.0,0.49,0.71,8.31,0.93,24,31.339910999999997,9.977692661603283,20.42,0.0,0,79.41,0.601,Medium
SHP-20260128,Yogyakarta,Cirebon,small_truck,Hub Jakarta,254.4,662.9,1.0,0.45,1.75,0.78,48,20.4876,12.417267029813155,15.52,0.0,0,97.86,0.446,Medium
SHP-20260129,Semarang,Jakarta,motorcycle,Hub Semarang,477.9,395.3,0.54,0.35,2.7,0.52,48,19.802103999999996,24.133799115487932,27.88,0.0,0,34.66,0.39,Medium
SHP-20260130,Surabaya,Yogyakarta,small_truck,Hub Bekasi,456.5,375.9,0.53,0.47,0.46,0.83,24,32.702943,13.958988339367501,15.83,0.0,0,164.8,0.323,Low
SHP-20260131,Semarang,Jakarta,medium_truck,Hub Bandung,323.9,1352.9,0.48,0.17,3.45,0.92,48,37.293119999999995,8.685248110107173,12.65,0.0,0,200.25,0.29,Low
SHP-20260132,Semarang,Yogyakarta,small_truck,Hub Semarang,472.6,214.9,0.16,0.8,1.86,0.58,72,39.223296000000005,12.048961923036758,16.31,0.0,0,164.34,0.319,Low
SHP-20260133,Jakarta,Cirebon,small_truck,Hub Bandung,730.1,155.7,0.63,0.26,5.84,0.53,12,27.694022999999998,26.36308924853569,32.98,20.98,1,250.31,0.628,Medium
SHP-20260134,Semarang,Bekasi,small_truck,Hub Surabaya,369.0,318.1,0.31,0.15,1.7,0.45,24,34.316415,10.752871475648025,12.9,0.0,0,131.45,0.266,Low
SHP-20260135,Yogyakarta,Bandung,motorcycle,Hub Bandung,159.9,316.4,0.67,0.25,5.8,0.48,24,17.575908,9.0976807570909,15.65,0.0,0,11.39,0.505,Medium
SHP-20260136,Bogor,Bekasi,van,Hub Surabaya,299.2,1481.8,0.15,0.84,2.39,0.87,48,38.735015000000004,7.72427737539278,12.63,0.0,0,86.11,0.315,Low
SHP-20260137,Surabaya,Semarang,motorcycle,Hub Semarang,312.3,717.9,0.98,0.33,3.15,0.99,12,14.805476,21.0935467390579,25.23,13.23,1,24.31,0.605,Medium
SHP-20260138,Jakarta,Karawang,small_truck,Hub Bekasi,109.2,1782.7,0.52,0.69,3.1,0.47,48,29.718108,3.6745273285903663,8.84,0.0,0,52.1,0.431,Medium
SHP-20260139,Bogor,Jakarta,small_truck,Hub Semarang,133.7,247.8,0.91,0.86,6.15,0.86,24,23.244732000000003,5.751840890228374,14.48,0.0,0,46.85,0.655,High
SHP-20260140,Bandung,Bogor,small_truck,Hub Bandung,536.5,1176.7,0.53,0.08,4.07,0.49,24,29.667728999999998,18.083622106700517,22.39,0.0,0,229.13,0.412,Medium
SHP-20260141,Karawang,Karawang,medium_truck,Hub Bandung,270.1,808.3,0.15,0.77,3.2,0.78,72,44.75565,6.034992230031293,11.54,0.0,0,150.0,0.324,Low
SHP-20260142,Tangerang,Bogor,van,Hub Jakarta,745.2,707.9,0.84,0.31,7.28,0.87,24,22.713284,32.808994067084264,41.02,17.02,1,184.19,0.67,High
SHP-20260143,Tangerang,Bekasi,small_truck,Hub Jakarta,196.1,1575.3,0.68,0.22,4.95,0.65,72,27.475139999999993,7.137361265493098,12.75,0.0,0,90.2,0.412,Medium
SHP-20260144,Bandung,Bandung,van,Hub Bandung,84.4,1756.1,0.8,0.69,1.97,0.46,72,21.024639999999998,4.014337463090927,8.05,0.0,0,25.51,0.461,Medium
SHP-20260145,Karawang,Semarang,van,Hub Jakarta,589.7,1571.3,0.49,0.91,7.67,0.78,72,30.090756,19.59738067066178,30.0,0.0,0,172.48,0.594,Medium
SHP-20260146,Cirebon,Surabaya,small_truck,Hub Surabaya,688.2,346.9,0.67,0.3,3.04,1.0,12,30.501449999999995,22.5628617655882,26.5,14.5,1,246.8,0.517,Medium
SHP-20260147,Jakarta,Bogor,medium_truck,Hub Surabaya,222.7,398.2,0.87,0.57,0.52,0.59,48,24.101122499999995,9.240233520243716,11.47,0.0,0,113.13,0.412,Medium
SHP-20260148,Tangerang,Karawang,small_truck,Hub Semarang,164.0,1181.3,0.67,0.29,4.31,0.55,6,26.920844999999993,6.09193359272341,11.27,5.27,1,70.1,0.585,Medium
SHP-20260149,Cirebon,Semarang,motorcycle,Hub Semarang,151.4,521.1,0.41,0.55,1.23,0.52,24,21.816116,6.939823752312281,9.82,0.0,0,11.29,0.338,Low
SHP-20260150,Jakarta,Tangerang,small_truck,Hub Bandung,411.0,1322.8,0.7,0.62,2.18,0.76,72,27.844739999999994,14.760417946082459,18.8,0.0,0,180.48,0.413,Medium
SHP-20260151,Cirebon,Karawang,motorcycle,Hub Jakarta,369.6,1020.0,0.7,0.61,6.4,0.78,48,18.66648,19.80019800198002,28.03,0.0,0,30.61,0.566,Medium
SHP-20260152,Tangerang,Karawang,medium_truck,Hub Bekasi,208.3,992.1,0.96,0.62,1.29,0.89,24,23.72508,8.77973857200903,11.93,0.0,0,120.1,0.463,Medium
SHP-20260153,Karawang,Bandung,small_truck,Hub Bandung,42.9,1491.6,0.43,0.14,6.9,0.86,24,35.530236,1.2074223205272263,8.53,0.0,0,19.44,0.388,Medium
SHP-20260154,Tangerang,Jakarta,van,Hub Surabaya,379.7,1279.2,0.48,0.69,7.98,0.94,48,31.659775999999997,11.993136022187903,22.04,0.0,0,105.24,0.545,Medium
SHP-20260155,Bandung,Semarang,motorcycle,Hub Bekasi,748.6,48.8,0.83,0.67,5.23,0.89,48,16.998506,44.03916438303461,51.28,3.28,1,50.01,0.613,Medium
SHP-20260156,Surabaya,Semarang,van,Hub Bandung,511.7,90.0,0.56,0.68,6.1,0.59,24,27.005991999999996,18.947646877774385,27.09,3.09,1,109.87,0.609,Medium
SHP-20260157,Bekasi,Bekasi,medium_truck,Hub Bekasi,390.5,1083.2,0.76,0.07,6.12,0.76,72,28.232819999999993,13.831420311538135,20.16,0.0,0,229.27,0.436,Medium
SHP-20260158,Semarang,Surabaya,van,Hub Jakarta,93.5,875.7,0.51,0.45,8.44,0.61,12,28.243253,3.3105251721535054,13.1,1.1,1,23.93,0.614,Medium
SHP-20260159,Semarang,Cirebon,small_truck,Hub Jakarta,202.9,469.1,0.29,0.41,3.03,0.63,12,36.677739,5.531965860818192,9.79,0.0,0,74.81,0.362,Medium
SHP-20260160,Yogyakarta,Bekasi,small_truck,Hub Bekasi,235.6,754.2,0.77,0.09,1.55,0.96,48,27.554394,8.550360425273734,10.37,0.0,0,92.41,0.282,Low
SHP-20260161,Karawang,Yogyakarta,small_truck,Hub Jakarta,598.4,1364.5,0.22,0.22,4.51,0.83,72,40.572882,14.748767415634905,19.92,0.0,0,264.83,0.276,Low
SHP-20260162,Surabaya,Bekasi,motorcycle,Hub Jakarta,684.8,1488.1,0.28,0.44,4.63,0.99,12,27.170136,25.204143254932546,31.15,19.15,1,62.01,0.495,Medium
SHP-20260163,Bandung,Yogyakarta,medium_truck,Hub Bekasi,704.1,1010.6,0.66,0.74,1.68,0.68,12,30.21291,23.30460720268256,27.2,15.2,1,407.48,0.594,Medium
SHP-20260164,Bandung,Bandung,van,Hub Bekasi,768.1,694.3,0.77,0.24,5.29,0.75,12,23.550024999999998,32.615676628793395,38.63,26.63,1,189.3,0.621,Medium
SHP-20260165,Bandung,Jakarta,small_truck,Hub Bandung,766.4,488.0,0.91,0.83,0.32,0.72,72,22.363614000000002,34.26995296913996,37.08,0.0,0,283.77,0.482,Medium
SHP-20260166,Cirebon,Karawang,small_truck,Hub Jakarta,743.7,939.9,0.35,0.55,7.9,0.51,12,34.01674499999999,21.862762001478984,31.41,19.41,1,303.09,0.679,High
SHP-20260167,Bogor,Bekasi,small_truck,Hub Bekasi,63.4,567.2,0.2,0.76,2.4,0.58,24,38.277120000000004,1.6563419609416798,6.34,0.0,0,23.89,0.341,Low
SHP-20260168,Bekasi,Semarang,medium_truck,Hub Bandung,114.4,1015.8,0.96,0.47,0.53,0.74,72,22.76928,5.024313460943869,6.96,0.0,0,66.27,0.385,Medium
SHP-20260169,Bogor,Bekasi,motorcycle,Hub Surabaya,243.0,1218.3,0.24,0.5,1.1,0.49,6,24.231088,10.028439498878466,12.63,6.63,1,20.92,0.443,Medium
SHP-20260170,Jakarta,Karawang,small_truck,Hub Semarang,434.8,119.9,0.28,0.62,2.19,0.96,24,40.43541599999999,10.752949839813695,14.8,0.0,0,147.78,0.324,Low
SHP-20260171,Bekasi,Yogyakarta,van,Hub Surabaya,82.9,2.9,0.36,0.93,2.47,0.52,24,30.658856000000004,2.7039495537602574,7.96,0.0,0,17.42,0.43,Medium
SHP-20260172,Jakarta,Cirebon,van,Hub Bekasi,661.0,382.9,0.58,0.49,0.47,0.56,48,26.343804000000002,25.09128901809321,27.03,0.0,0,152.1,0.357,Medium
SHP-20260173,Yogyakarta,Bandung,motorcycle,Hub Bandung,484.1,1610.2,0.89,0.53,2.52,0.87,24,15.880633999999999,30.48366960664165,34.59,10.59,1,44.81,0.56,Medium
SHP-20260174,Yogyakarta,Bandung,motorcycle,Hub Bandung,426.7,1163.7,0.78,0.6,1.8,0.5,24,15.988,26.688766574931197,30.29,6.29,1,36.36,0.544,Medium
SHP-20260175,Surabaya,Surabaya,van,Hub Surabaya,135.6,310.4,0.74,0.74,3.34,0.95,12,25.57609,5.301826823412022,10.86,0.0,0,30.69,0.527,Medium
SHP-20260176,Bandung,Yogyakarta,van,Hub Surabaya,203.5,1602.6,0.26,0.07,3.4,0.85,48,35.98543,5.655066508862059,9.27,0.0,0,59.86,0.213,Low
SHP-20260177,Yogyakarta,Cirebon,van,Hub Surabaya,131.8,846.5,0.42,0.52,3.01,0.49,48,29.134334000000003,4.523872074782969,9.09,0.0,0,33.54,0.367,Medium
SHP-20260178,Bekasi,Jakarta,small_truck,Hub Semarang,665.7,857.5,0.53,0.48,2.92,0.83,12,32.702943,20.35596612818608,24.72,12.72,1,266.78,0.531,Medium
SHP-20260179,Karawang,Surabaya,small_truck,Hub Bandung,459.0,1684.0,0.23,0.92,0.94,0.8,24,39.98882999999999,11.478205288826906,15.18,0.0,0,215.24,0.352,Medium
SHP-20260180,Semarang,Bekasi,van,Hub Bandung,575.5,108.0,0.35,0.49,0.41,0.87,72,34.091035,16.881270985172495,18.76,0.0,0,124.12,0.237,Low
SHP-20260181,Karawang,Tangerang,van,Hub Surabaya,236.5,388.1,0.38,0.47,1.88,0.91,6,33.755134,7.006341613100989,10.3,4.3,1,54.48,0.425,Medium
SHP-20260182,Bekasi,Cirebon,van,Hub Bekasi,294.6,1054.8,0.21,0.96,6.48,0.85,24,37.14015499999999,7.932115522942758,17.29,0.0,0,78.18,0.522,Medium
SHP-20260183,Bandung,Tangerang,small_truck,Hub Bekasi,320.5,352.7,0.6,0.45,8.42,0.77,24,30.419339999999995,10.53606028270173,20.31,0.0,0,115.09,0.595,Medium
SHP-20260184,Surabaya,Yogyakarta,van,Hub Surabaya,594.7,1223.5,0.73,0.18,7.91,0.63,24,23.629977,25.167184885537555,33.62,9.62,1,163.09,0.628,Medium
SHP-20260185,Bandung,Bandung,motorcycle,Hub Bekasi,604.3,386.2,0.16,0.22,4.39,0.83,24,28.064064000000002,21.532875637683834,26.58,2.58,1,43.73,0.341,Low
SHP-20260186,Bandung,Tangerang,van,Hub Bekasi,167.7,179.4,0.53,0.1,4.61,0.98,24,30.799911999999992,5.444820751435914,10.35,0.0,0,36.8,0.333,Low
SHP-20260187,Bekasi,Bogor,van,Hub Bandung,734.9,373.4,0.8,0.0,2.81,0.77,12,23.003679999999996,31.947062383062192,34.76,22.76,1,168.74,0.506,Medium
SHP-20260188,Bogor,Semarang,van,Hub Bekasi,101.1,761.5,0.77,0.43,6.62,0.82,24,24.010071999999997,4.210732895761413,12.12,0.0,0,25.27,0.542,Medium
SHP-20260189,Tangerang,Yogyakarta,small_truck,Hub Surabaya,699.8,317.9,0.83,0.77,6.55,0.69,48,24.128138999999997,29.00348012749761,37.86,0.0,0,249.29,0.664,High
SHP-20260190,Bogor,Surabaya,small_truck,Hub Surabaya,85.5,243.3,0.5,0.73,7.21,0.87,24,33.82995,2.5273463306921826,11.93,0.0,0,29.93,0.546,Medium
SHP-20260191,Surabaya,Karawang,small_truck,Hub Bekasi,212.2,1548.6,0.84,0.03,7.63,1.0,12,25.9854,8.166124054276633,15.89,3.89,1,97.14,0.573,Medium
SHP-20260192,Surabaya,Cirebon,small_truck,Hub Bandung,661.5,577.4,0.32,0.57,3.81,0.54,48,35.023295999999995,18.88742852757205,24.41,0.0,0,249.81,0.403,Medium
SHP-20260193,Surabaya,Yogyakarta,small_truck,Hub Surabaya,146.6,650.0,0.42,0.15,6.57,0.56,12,32.879364,4.458723714972102,11.48,0.0,0,56.24,0.468,Medium
SHP-20260194,Bogor,Surabaya,van,Hub Semarang,327.3,100.4,0.26,0.94,6.89,0.75,48,35.00845,9.349171414329968,19.06,0.0,0,70.46,0.52,Medium
SHP-20260195,Karawang,Tangerang,small_truck,Hub Bekasi,355.3,643.9,0.52,0.17,2.76,0.71,24,31.877243999999997,11.14588199657411,14.42,0.0,0,136.12,0.334,Low
SHP-20260196,Jakarta,Bandung,small_truck,Hub Bandung,197.3,477.4,0.45,0.63,7.91,0.76,48,34.07018999999999,5.790986196437416,15.59,0.0,0,72.88,0.528,Medium
SHP-20260197,Bogor,Bekasi,van,Hub Semarang,556.3,1099.3,0.32,0.33,0.98,0.48,12,31.124128,17.873593117211186,19.84,7.84,1,148.93,0.392,Medium
SHP-20260198,Bekasi,Bogor,small_truck,Hub Semarang,665.2,370.5,0.78,0.64,8.45,0.67,12,25.205081999999997,26.391503110364813,36.76,24.76,1,239.85,0.805,High
SHP-20260199,Bogor,Karawang,van,Hub Jakarta,683.2,1599.2,0.38,0.41,6.59,0.77,24,32.492698,21.02626257751819,28.85,4.85,1,200.83,0.514,Medium
SHP-20260200,Karawang,Bandung,small_truck,Hub Bekasi,270.0,1673.5,0.35,0.76,0.97,0.77,6,36.662115,7.364550572164208,10.61,4.61,1,126.38,0.468,Medium
SHP-20260201,Bogor,Bekasi,small_truck,Hub Surabaya,417.8,180.6,0.22,0.23,5.65,0.81,12,40.351374,10.354046432223102,16.69,4.69,1,144.1,0.425,Medium
SHP-20260202,Karawang,Surabaya,medium_truck,Hub Bekasi,199.8,194.2,0.49,0.91,0.48,0.85,48,36.32411249999999,5.500478504464494,8.71,0.0,0,96.79,0.352,Medium
SHP-20260203,Bandung,Karawang,medium_truck,Hub Bekasi,197.0,208.5,0.37,0.5,6.59,0.8,48,39.068324999999994,5.042448070143781,13.13,0.0,0,95.76,0.434,Medium
SHP-20260204,Surabaya,Cirebon,small_truck,Hub Bekasi,132.5,1115.6,0.43,0.76,6.83,0.88,12,35.722637999999996,3.709132567421253,12.82,0.82,1,55.92,0.579,Medium
SHP-20260205,Bandung,Tangerang,small_truck,Hub Jakarta,733.7,220.4,0.31,0.85,5.2,0.79,72,37.869992999999994,19.37417838973459,27.12,0.0,0,255.46,0.459,Medium
SHP-20260206,Tangerang,Bandung,small_truck,Hub Jakarta,693.5,1534.4,0.79,1.0,7.31,0.75,48,25.532324999999993,27.16164704937761,37.47,0.0,0,316.64,0.716,High
SHP-20260207,Yogyakarta,Semarang,van,Hub Bekasi,608.1,1357.9,0.94,0.22,1.01,0.78,72,19.895736,30.56433800689756,32.23,0.0,0,171.05,0.375,Medium
SHP-20260208,Karawang,Tangerang,small_truck,Hub Surabaya,407.6,1475.8,0.55,0.29,2.49,0.51,48,29.382884999999998,13.872021076214947,17.23,0.0,0,184.13,0.354,Medium
SHP-20260209,Tangerang,Tangerang,van,Hub Jakarta,386.7,947.4,0.68,0.25,3.64,0.6,48,24.50164,15.782617000331406,20.17,0.0,0,100.44,0.409,Medium
SHP-20260210,Yogyakarta,Tangerang,motorcycle,Hub Bekasi,417.0,1794.0,0.88,0.26,0.55,0.74,24,15.488256000000002,26.923625229335048,28.25,4.25,1,39.87,0.432,Medium
SHP-20260211,Tangerang,Karawang,motorcycle,Hub Jakarta,422.2,80.5,1.0,0.58,3.92,0.93,48,14.225399999999997,29.679306030058914,35.34,0.0,0,28.43,0.562,Medium
SHP-20260212,Yogyakarta,Yogyakarta,small_truck,Hub Bandung,343.5,722.9,0.65,0.99,2.4,0.82,72,29.575559999999996,11.614319390740194,16.98,0.0,0,133.84,0.473,Medium
SHP-20260213,Yogyakarta,Cirebon,motorcycle,Hub Bekasi,109.7,583.8,0.9,0.99,3.46,0.5,12,14.139999999999997,7.75813295615276,14.19,2.19,1,8.3,0.693,High
SHP-20260214,Bandung,Cirebon,van,Hub Semarang,105.0,1707.6,0.92,0.53,3.73,0.78,24,20.348847999999997,5.159997263727166,10.48,0.0,0,31.46,0.511,Medium
SHP-20260215,Yogyakarta,Karawang,van,Hub Bandung,743.1,1038.8,0.81,0.64,7.5,0.57,6,21.513490999999995,34.54111654868102,43.96,37.96,1,196.58,0.794,High
SHP-20260216,Tangerang,Bekasi,van,Hub Semarang,380.1,1451.3,0.51,0.86,2.44,0.85,72,30.211805000000002,12.58117480898609,17.6,0.0,0,108.78,0.411,Medium
SHP-20260217,Jakarta,Cirebon,van,Hub Semarang,743.9,307.4,0.17,0.93,7.62,0.91,24,38.683980999999996,19.230182126291503,29.64,5.64,1,168.22,0.585,Medium
SHP-20260218,Jakarta,Jakarta,small_truck,Hub Bandung,134.3,1761.6,0.11,0.2,3.74,0.78,48,42.773556000000006,3.1397903882482905,7.48,0.0,0,63.84,0.215,Low
SHP-20260219,Bandung,Bandung,motorcycle,Hub Surabaya,436.0,898.1,0.53,0.53,2.92,0.78,48,21.504392,20.274928024005515,24.78,0.0,0,35.24,0.398,Medium
SHP-20260220,Karawang,Semarang,small_truck,Hub Bandung,168.4,889.1,0.54,0.83,4.37,0.64,72,30.766092,5.473558357688068,12.33,0.0,0,67.92,0.483,Medium
SHP-20260221,Bekasi,Bogor,medium_truck,Hub Surabaya,203.5,1747.6,0.47,0.3,3.67,0.7,12,35.369550000000004,5.753536587262206,10.32,0.0,0,135.09,0.401,Medium
SHP-20260222,Bandung,Bekasi,van,Hub Surabaya,31.2,685.9,0.61,0.44,2.34,0.93,48,28.508378999999998,1.0944150840705464,4.75,0.0,0,7.68,0.326,Low
SHP-20260223,Yogyakarta,Bekasi,van,Hub Bandung,99.8,716.1,0.6,0.99,4.37,0.85,72,28.133299999999995,3.547397568006598,10.89,0.0,0,24.71,0.507,Medium
SHP-20260224,Tangerang,Cirebon,small_truck,Hub Semarang,715.8,1053.0,0.85,0.99,1.46,0.74,6,23.97528,29.855751423966684,34.29,28.29,1,298.4,0.679,High
SHP-20260225,Yogyakarta,Bogor,motorcycle,Hub Bekasi,256.2,231.4,0.2,0.91,3.12,0.65,48,26.0414,9.838180742970808,15.69,0.0,0,17.89,0.391,Medium
SHP-20260226,Bogor,Bogor,van,Hub Surabaya,477.5,578.6,0.3,0.8,4.9,0.48,24,31.539619999999996,15.139687795858038,22.44,0.0,0,114.78,0.525,Medium
SHP-20260227,Cirebon,Karawang,medium_truck,Hub Semarang,367.0,348.6,0.81,0.27,3.63,0.53,48,25.177072499999998,14.57675430691952,19.02,0.0,0,184.33,0.45,Medium
SHP-20260228,Semarang,Bekasi,medium_truck,Hub Surabaya,317.1,186.8,0.86,0.32,7.04,0.56,24,24.141869999999997,13.13485657904711,21.13,0.0,0,153.34,0.618,Medium
SHP-20260229,Semarang,Karawang,small_truck,Hub Bekasi,418.6,1559.2,1.0,0.55,2.33,0.66,24,19.807199999999998,21.133729148996327,25.11,1.11,1,191.98,0.567,Medium
SHP-20260230,Bekasi,Karawang,van,Hub Semarang,152.5,1061.2,0.89,0.56,8.25,0.97,12,22.134258999999997,6.889772094923079,16.82,4.82,1,40.52,0.72,High
SHP-20260231,Bandung,Semarang,small_truck,Hub Bandung,771.2,646.3,0.9,0.51,6.71,0.73,12,22.673489999999994,34.013290410960124,42.25,30.25,1,295.62,0.751,High
SHP-20260232,Cirebon,Bekasi,small_truck,Hub Jakarta,639.7,736.2,0.38,0.64,8.23,0.58,12,34.019327999999994,18.804016352116072,28.95,16.95,1,249.95,0.707,High
SHP-20260233,Jakarta,Bekasi,van,Hub Jakarta,580.5,777.3,0.46,0.41,7.16,0.51,48,28.471157999999992,20.389054776064963,28.78,0.0,0,145.59,0.517,Medium
SHP-20260234,Yogyakarta,Tangerang,small_truck,Hub Bandung,369.9,1140.0,0.34,0.75,1.38,0.64,24,35.580132,10.396251481023173,14.03,0.0,0,156.86,0.37,Medium
SHP-20260235,Bandung,Semarang,motorcycle,Hub Bekasi,126.0,1668.3,0.65,0.33,4.57,0.9,12,20.1488,6.253474152306837,11.81,0.0,0,11.78,0.471,Medium
SHP-20260236,Yogyakarta,Bekasi,van,Hub Jakarta,718.8,1679.1,0.94,0.33,1.61,0.66,48,19.234992,37.369394278926656,39.97,0.0,0,214.31,0.466,Medium
SHP-20260237,Surabaya,Bandung,small_truck,Hub Bandung,271.6,705.3,0.41,0.13,6.99,0.87,48,36.13971899999999,7.515277028025594,14.9,0.0,0,105.43,0.378,Medium
SHP-20260238,Bandung,Bekasi,van,Hub Semarang,46.7,593.3,0.6,0.19,5.05,0.89,24,28.438819999999996,1.642121578884075,7.26,0.0,0,11.26,0.378,Medium
SHP-20260239,Bogor,Semarang,van,Hub Bekasi,272.3,812.4,0.37,0.85,2.39,0.51,72,30.357800999999995,8.969687890107721,13.91,0.0,0,68.8,0.401,Medium
SHP-20260240,Surabaya,Jakarta,small_truck,Hub Surabaya,621.3,1022.7,0.25,0.45,7.92,0.78,24,39.267900000000004,15.822083686675374,25.09,1.09,1,257.45,0.512,Medium
SHP-20260241,Bekasi,Yogyakarta,medium_truck,Hub Semarang,488.7,831.8,0.28,0.23,1.16,0.98,48,43.55208,11.221048455091008,13.07,0.0,0,272.73,0.179,Low
SHP-20260242,Semarang,Jakarta,small_truck,Hub Bandung,587.6,1186.1,0.15,0.76,4.88,0.67,6,40.50028499999999,14.508539878176169,21.67,15.67,1,251.41,0.566,Medium
SHP-20260243,Jakarta,Bekasi,small_truck,Hub Surabaya,620.7,998.4,0.95,0.55,6.18,0.48,48,19.93467,31.13670805686776,38.97,0.0,0,255.96,0.662,High
SHP-20260244,Surabaya,Bekasi,medium_truck,Hub Bandung,171.6,578.0,0.46,0.02,0.69,0.96,72,38.25386999999999,4.485820650302833,5.24,0.0,0,90.74,0.151,Low
SHP-20260245,Surabaya,Cirebon,motorcycle,Hub Jakarta,721.2,623.0,0.85,0.32,5.16,0.94,48,16.87812,42.72987749820478,48.85,0.85,1,55.01,0.536,Medium
SHP-20260246,Jakarta,Jakarta,van,Hub Jakarta,346.1,682.1,0.71,0.18,6.97,0.74,24,24.828592,13.939574181250391,21.45,0.0,0,85.07,0.534,Medium
SHP-20260247,Yogyakarta,Bandung,van,Hub Surabaya,501.3,171.3,0.27,0.66,0.76,0.75,48,34.783775,14.411891751254716,17.15,0.0,0,109.78,0.283,Low
SHP-20260248,Bandung,Semarang,motorcycle,Hub Surabaya,9.8,299.7,0.26,0.28,4.45,0.57,24,24.499915999999995,0.4000013714332736,5.69,0.0,0,0.7,0.319,Low
SHP-20260249,Yogyakarta,Semarang,small_truck,Hub Semarang,774.9,1301.9,0.83,0.06,2.35,0.9,48,25.56624,30.309501905638058,32.84,0.0,0,338.95,0.367,Medium
SHP-20260250,Jakarta,Surabaya,van,Hub Jakarta,224.9,701.0,0.34,0.05,5.7,0.72,48,32.933004,6.82901565857764,12.68,0.0,0,55.51,0.317,Low
SHP-20260251,Bekasi,Cirebon,van,Hub Bekasi,55.9,387.0,0.92,0.58,1.19,0.47,72,18.603051999999995,3.004883284742741,5.93,0.0,0,12.87,0.442,Medium
SHP-20260252,Bandung,Bogor,van,Hub Jakarta,361.8,1013.2,0.23,0.02,7.98,0.83,24,36.479107,9.918005942415203,17.96,0.0,0,95.22,0.388,Medium
SHP-20260253,Bekasi,Cirebon,van,Hub Jakarta,107.6,1360.2,0.71,0.85,7.63,0.97,6,26.426700999999998,4.0716395133845875,14.25,8.25,1,30.28,0.775,High
SHP-20260254,Bogor,Bogor,medium_truck,Hub Bekasi,125.6,464.1,0.83,0.16,1.74,0.91,24,27.4657725,4.572964405060881,6.79,0.0,0,64.76,0.328,Low
SHP-20260255,Surabaya,Karawang,motorcycle,Hub Bandung,496.1,1488.4,0.31,0.61,2.88,0.6,12,23.92278,20.73755642111828,25.45,13.45,1,44.93,0.524,Medium
SHP-20260256,Bekasi,Semarang,van,Hub Jakarta,311.3,1669.6,0.35,0.44,5.08,0.48,12,30.50089,10.20625955504905,16.61,4.61,1,92.66,0.515,Medium
SHP-20260257,Surabaya,Yogyakarta,van,Hub Surabaya,719.7,1075.7,0.97,0.44,6.16,0.97,24,20.226507,35.582021156693045,43.06,19.06,1,191.78,0.694,High
SHP-20260258,Bekasi,Cirebon,van,Hub Bandung,254.4,1204.4,0.34,0.07,3.87,0.97,48,35.250054,7.217010220750301,11.3,0.0,0,69.51,0.239,Low
SHP-20260259,Bekasi,Yogyakarta,small_truck,Hub Bekasi,568.6,95.6,0.49,0.8,1.5,0.74,12,32.890032,17.287912641738995,21.19,9.19,1,192.12,0.529,Medium
SHP-20260260,Semarang,Cirebon,van,Hub Bandung,364.0,1702.0,0.49,0.89,1.06,0.8,12,30.257309999999993,12.030150730517686,15.76,3.76,1,108.97,0.483,Medium
SHP-20260261,Yogyakarta,Semarang,motorcycle,Hub Semarang,517.5,707.1,0.33,0.01,8.5,0.7,6,24.29308,21.302362648128604,29.83,23.83,1,40.19,0.564,Medium
SHP-20260262,Bekasi,Jakarta,van,Hub Bekasi,471.0,1663.1,0.8,0.18,3.98,0.68,72,22.429119999999998,20.99948638198913,25.52,0.0,0,140.03,0.421,Medium
SHP-20260263,Tangerang,Bandung,small_truck,Hub Jakarta,373.0,1042.6,0.79,0.9,7.44,0.52,48,23.893505999999995,15.61093629373605,25.75,0.0,0,155.17,0.698,High
SHP-20260264,Karawang,Bekasi,small_truck,Hub Jakarta,741.4,9.3,0.44,0.55,4.2,0.5,6,31.836,23.288101520291494,29.14,23.14,1,245.23,0.594,Medium
SHP-20260265,Karawang,Cirebon,small_truck,Hub Surabaya,272.6,70.3,0.85,0.15,7.86,0.58,6,22.90176,11.903015314106865,20.21,14.21,1,91.54,0.716,High
SHP-20260266,Semarang,Tangerang,small_truck,Hub Jakarta,144.8,1225.1,0.29,0.2,0.93,0.91,24,39.643023,3.652597330935131,5.18,0.0,0,62.42,0.17,Low
SHP-20260267,Bandung,Tangerang,small_truck,Hub Semarang,531.5,1013.2,0.1,0.66,1.15,0.53,24,40.04720999999999,13.271835915660544,16.4,0.0,0,219.82,0.306,Low
SHP-20260268,Bogor,Tangerang,motorcycle,Hub Bekasi,661.1,48.7,0.61,0.72,7.92,0.57,24,18.996725999999995,34.80073355798258,44.88,20.88,1,44.16,0.759,High
SHP-20260269,Surabaya,Surabaya,van,Hub Semarang,39.1,1338.5,0.99,0.6,8.06,0.75,24,18.607175,2.1013399401037502,11.96,0.0,0,10.96,0.679,High
SHP-20260270,Semarang,Semarang,small_truck,Hub Jakarta,355.1,1534.0,0.13,0.95,2.81,0.57,72,39.815937,8.918539327606432,14.58,0.0,0,162.12,0.368,Medium
SHP-20260271,Tangerang,Karawang,van,Hub Surabaya,697.0,894.1,0.29,0.49,3.15,0.54,24,32.322268,21.56408083739668,26.18,2.18,1,179.09,0.418,Medium
SHP-20260272,Jakarta,Bandung,small_truck,Hub Semarang,586.7,838.9,0.57,0.3,3.96,0.76,48,31.081973999999995,18.87589250283782,23.74,0.0,0,234.22,0.392,Medium
SHP-20260273,Bekasi,Tangerang,van,Hub Bandung,773.7,10.8,0.83,0.48,3.65,0.65,6,21.582385,35.848679374406494,40.94,34.94,1,162.92,0.646,Medium
SHP-20260274,Karawang,Jakarta,small_truck,Hub Bekasi,418.3,1416.2,0.18,0.36,1.78,0.79,72,41.134254,10.169140298496723,13.03,0.0,0,186.91,0.208,Low
SHP-20260275,Bandung,Jakarta,medium_truck,Hub Surabaya,517.5,596.0,0.46,0.22,7.66,0.95,72,38.15302499999999,13.563799987025932,21.88,0.0,0,274.71,0.42,Medium
SHP-20260276,Bandung,Bogor,small_truck,Hub Bekasi,241.5,1581.9,0.77,0.05,2.3,0.53,48,24.430916999999997,9.885015777344748,12.34,0.0,0,111.21,0.343,Low
SHP-20260277,Bandung,Karawang,medium_truck,Hub Bandung,739.5,672.1,0.43,0.35,6.05,0.95,24,38.99576249999999,18.963598929499074,26.06,2.06,1,399.05,0.469,Medium
SHP-20260278,Yogyakarta,Semarang,small_truck,Hub Bekasi,290.8,1017.6,0.27,0.71,0.76,0.95,12,40.591004999999996,7.1641488058746035,10.05,0.0,0,120.38,0.321,Low
SHP-20260279,Jakarta,Cirebon,medium_truck,Hub Bekasi,578.1,487.3,0.28,0.02,0.52,0.91,48,42.75261,13.521981464991262,14.1,0.0,0,299.62,0.128,Low
SHP-20260280,Jakarta,Bekasi,van,Hub Bandung,319.2,289.9,0.47,0.44,5.63,0.8,48,30.71293,10.393016882466114,17.34,0.0,0,71.89,0.427,Medium
SHP-20260281,Tangerang,Jakarta,van,Hub Jakarta,441.7,1395.1,0.53,0.64,3.01,0.79,12,29.265300999999994,15.092959406089829,20.02,8.02,1,125.11,0.537,Medium
SHP-20260282,Bandung,Cirebon,small_truck,Hub Jakarta,563.7,894.4,0.88,0.61,5.64,0.8,24,23.622479999999996,23.862862832352917,31.33,7.33,1,227.62,0.658,High
SHP-20260283,Surabaya,Bekasi,motorcycle,Hub Bekasi,400.9,966.1,0.68,0.78,0.98,0.83,24,19.263271999999997,20.811625356273847,24.13,0.13,1,32.85,0.472,Medium
SHP-20260284,Bandung,Jakarta,van,Hub Jakarta,708.3,1737.8,0.72,0.81,8.08,0.46,48,22.676575999999997,31.234874259676594,41.74,0.0,0,213.36,0.721,High
SHP-20260285,Bandung,Bandung,medium_truck,Hub Bandung,331.7,1734.5,0.98,0.71,6.41,0.98,48,23.732279999999996,13.976743911667992,22.52,0.0,0,219.7,0.624,Medium
SHP-20260286,Karawang,Karawang,small_truck,Hub Surabaya,507.5,1540.3,0.47,0.1,7.47,0.77,48,33.665583,15.07474265335016,22.84,0.0,0,231.97,0.428,Medium
SHP-20260287,Bekasi,Surabaya,van,Hub Jakarta,272.3,338.5,0.46,0.48,1.33,0.88,48,31.622003999999993,8.611092453217072,11.38,0.0,0,62.02,0.286,Low
SHP-20260288,Semarang,Jakarta,van,Hub Jakarta,323.1,1070.1,0.93,0.6,2.86,0.66,24,19.454024,16.60838909214875,21.27,0.0,0,86.0,0.559,Medium
SHP-20260289,Semarang,Cirebon,van,Hub Jakarta,347.7,1580.8,0.32,0.25,3.26,0.46,24,30.936255999999997,11.239239809755906,15.25,0.0,0,101.87,0.343,Low
SHP-20260290,Bandung,Cirebon,motorcycle,Hub Bandung,105.1,674.7,0.76,0.04,4.66,0.73,6,17.420423999999997,6.0331482172879385,10.81,4.81,1,8.11,0.542,Medium
SHP-20260291,Cirebon,Cirebon,medium_truck,Hub Bekasi,78.8,182.9,0.78,0.22,2.66,0.73,48,27.467954999999996,2.868797476914463,6.19,0.0,0,38.07,0.357,Medium
SHP-20260292,Tangerang,Karawang,van,Hub Bandung,523.3,1459.9,0.19,0.45,0.7,0.69,24,35.968652999999996,14.548779460826626,16.6,0.0,0,150.0,0.258,Low
SHP-20260293,Karawang,Tangerang,van,Hub Jakarta,514.1,867.7,0.52,0.41,3.26,0.64,24,28.271544,18.184362339743455,22.67,0.0,0,131.38,0.438,Medium
SHP-20260294,Bogor,Karawang,small_truck,Hub Bekasi,519.8,1016.3,0.28,0.18,2.31,0.59,12,36.49136399999999,14.24446617013275,17.09,5.09,1,215.12,0.357,Medium
SHP-20260295,Semarang,Bogor,motorcycle,Hub Bandung,23.3,1767.9,0.27,0.82,3.4,0.74,12,25.558624000000002,0.9116296714564915,6.77,0.0,0,2.22,0.414,Medium
SHP-20260296,Semarang,Cirebon,van,Hub Bandung,260.1,1093.4,0.52,0.93,1.83,0.66,24,28.434336,9.147391379211388,13.77,0.0,0,69.55,0.461,Medium
SHP-20260297,Cirebon,Semarang,small_truck,Hub Bandung,160.7,765.5,0.36,0.2,2.37,0.98,12,38.534496000000004,4.170289394728297,7.14,0.0,0,63.18,0.261,Low
SHP-20260298,Bandung,Yogyakarta,small_truck,Hub Semarang,608.7,666.6,0.82,0.93,5.4,0.55,6,23.403869999999994,26.0085191038918,34.2,28.2,1,234.35,0.795,High
SHP-20260299,Tangerang,Surabaya,medium_truck,Hub Bandung,672.4,752.3,0.92,0.02,3.42,0.63,48,23.096969999999992,29.11204370097031,32.59,0.0,0,369.07,0.439,Medium
SHP-20260300,Jakarta,Surabaya,small_truck,Hub Surabaya,198.4,214.0,0.82,0.92,3.07,0.61,24,23.818913999999996,8.329514939262136,14.16,0.0,0,68.97,0.577,Medium
